Name,Type,Downloads
"The Children's Hospital of Philadelphia",Education,19
University of Pennsylvania,Education,11
Penn Medicine,Education,3
Massachusetts Institute of Technology,Education,2
The George Washington University,Education,2
Oregon State University,Education,2
NTU,Education,2
U.S. Small Business Administration,Education,2
Natus Manufacturing Limited,Commercial,2
KPMG P/S,Commercial,2
Temple University,Education,1
JPMorgan Chase & Co.,Commercial,1
University of the Witwatersrand,Education,1
California Polytechnic State University,Education,1
Ohio Public Library Information Network,Library,1
The Scripps Research Institute,Education,1
University of Colorado,Education,1
Taiwan Academic Network,Education,1
University of California at Berkeley,Education,1
University of Louisville,Education,1
Texas Southern University,Education,1
Hochschule Reutlingen,Commercial,1
Red Universitaria Nacional,Education,1
Imperial College London,Education,1
General Electric Company,Commercial,1
Merck and Co. Inc.,Commercial,1
Parklawn Computer Center/Dimes HQ,Government,1
Axinn Veltrop & Harkrider LLP,Commercial,1
Eli Lilly and Company,Commercial,1
Wichita State University,Education,1
Oregon Health & Science University,Education,1
Janney Gordon,Commercial,1
Regus Group Services Ltd,Commercial,1
Wavenet Limited,Commercial,1
The Methodist Hospital,Organization,1
University Hospitals Health System,Education,1
FreiNet Gesellschaft fuer Informationsdienste mbH,Commercial,1
Stockholms Stadsnat AB,Commercial,1
Edmonton Economic Development,Commercial,1
BP America Inc.,Commercial,1
Bisping & Bisping ISP and Citycarrier,Commercial,1
Services OR LP Toronto,Commercial,1
Rildo Leite da Silva Provedores do Brasil - ME,Commercial,1
Department of State,Government,1
Digital Entertainment,Commercial,1
Voco GmbH,Commercial,1
Advanced Cell Technology,Commercial,1
Brunel University London,Education,1
Ezecom Limited,Commercial,1
Federal State Educational Institution of Higher Professional Education Russian State University of Immanuil Kant,Education,1
Evolink AD,Commercial,1
Shahrood University,Education,1
Luxtelecom Ltd,Commercial,1
Tallinn University of Technology,Education,1
Rezocean SAS,Commercial,1
Moec,Government,1
Universitaet Bern,Education,1
SCS - Internal Fiber,Commercial,1
Pfenex Inc,Commercial,1
Aksysteemid,Commercial,1
PT Tunas Sukses Mandiri,Commercial,1
Chemocentryx Inc,Commercial,1
Chung-Ang University,Education,1